node_id,Energy consumption,Hops from sink,Error,timestamp
8,197379,3,1.2265742556199,2025-01-01 00:00:00.000
23,183735,4,16.5809453832966,2025-01-01 00:00:00.360
24,266067,3,,2025-01-01 00:00:00.720
25,179011,2,14.6298272173218,2025-01-01 00:00:01.080
13,212342,4,0.875003532037939,2025-01-01 00:00:01.440
16,529144,1,4.31942911570385,2025-01-01 00:00:01.800
10,758048,1,21.3242433196842,2025-01-01 00:00:02.160
17,383399,2,18.7791308793189,2025-01-01 00:00:02.520
20,307593,1,11.0512918044299,2025-01-01 00:00:02.880
7,212422,2,11.8528212708665,2025-01-01 00:00:03.240
11,265918,2,15.2987011033476,2025-01-01 00:00:03.600
22,253811,3,1.65910854927485,2025-01-01 00:00:03.960
26,253739,3,4.98977295567493,2025-01-01 00:00:04.320
18,239665,3,3.11476435858386,2025-01-01 00:00:04.680
3,189765,4,2.75867520354122,2025-01-01 00:00:05.040
21,388154,2,25.184334052979,2025-01-01 00:00:05.400
9,333819,2,23.8395657526983,2025-01-01 00:00:05.760
27,177962,4,7.88820085186725,2025-01-01 00:00:06.120
4,230877,3,6.29036240075885,2025-01-01 00:00:06.480
19,277648,2,12.1563994698323,2025-01-01 00:00:06.840
14,532344,1,0.198367972589153,2025-01-01 00:00:07.200
6,296633,1,1.9441532128927,2025-01-01 00:00:07.560
12,239748,3,15.3711396966815,2025-01-01 00:00:07.920
8,183226,3,9.04565945881043,2025-01-01 00:00:08.280
23,190141,4,12.6532415418032,2025-01-01 00:00:08.640
24,274204,3,8.53525112689822,2025-01-01 00:00:09.000
25,186611,2,2.25656579730027,2025-01-01 00:00:09.360
13,203665,4,5.17271008764393,2025-01-01 00:00:09.720
16,428435,1,28.8410143895807,2025-01-01 00:00:10.080
10,571760,1,5.35889184273122,2025-01-01 00:00:10.440
17,314050,2,13.6761662155708,2025-01-01 00:00:10.800
20,261695,1,12.3445232044938,2025-01-01 00:00:11.160
7,228815,2,8.48502064986998,2025-01-01 00:00:11.520
11,298059,2,2.86554004408523,2025-01-01 00:00:11.880
22,204279,3,22.1858340798614,2025-01-01 00:00:12.240
26,190184,3,29.9793883817776,2025-01-01 00:00:12.600
18,221095,3,5.02272778669803,2025-01-01 00:00:12.960
3,173407,4,12.45220781168,2025-01-01 00:00:13.320
21,255976,2,41.3413757539769,2025-01-01 00:00:13.680
9,285871,2,11.6587551727877,2025-01-01 00:00:14.040
27,206509,4,12.5461844277973,2025-01-01 00:00:14.400
4,238001,3,4.20208318452444,2025-01-01 00:00:14.760
19,274713,2,13.3546646864182,2025-01-01 00:00:15.120
14,396101,1,34.6626239267258,2025-01-01 00:00:15.480
6,274237,1,10.269584337635,2025-01-01 00:00:15.840
12,198831,3,17.9896495013353,2025-01-01 00:00:16.200
8,230867,3,19.6940229656036,2025-01-01 00:00:16.560
23,177571,4,8.80154980261417,2025-01-01 00:00:16.920
24,261245,3,1.51390457233631,2025-01-01 00:00:17.280
25,230679,2,20.9290832715592,2025-01-01 00:00:17.640
13,278583,4,26.5568968673609,2025-01-01 00:00:18.000
16,540876,1,27.7838173629446,2025-01-01 00:00:18.360
10,710864,1,30.4508316640032,2025-01-01 00:00:18.720
17,389548,2,23.1416924230133,2025-01-01 00:00:19.080
20,332885,1,23.5772113492648,2025-01-01 00:00:19.440
7,203254,2,10.4037312918811,2025-01-01 00:00:19.800
11,394734,2,27.6474790618492,2025-01-01 00:00:20.160
22,223925,3,8.89806854973764,2025-01-01 00:00:20.520
26,185913,3,2.62864888415549,2025-01-01 00:00:20.880
18,218223,3,0.0811096905459095,2025-01-01 00:00:21.240
3,193722,4,8.32223495524515,2025-01-01 00:00:21.600
9,457860,2,39.3264316603328,2025-01-01 00:00:21.960
27,172462,4,18.9827324280131,2025-01-01 00:00:22.320
21,303921,2,17.6759750066629,2025-01-01 00:00:22.680
19,325152,2,17.8845586064364,2025-01-01 00:00:23.040
4,266238,3,14.3623374574629,2025-01-01 00:00:23.400
14,514358,1,28.7266845271192,2025-01-01 00:00:23.760
6,312025,1,14.6222257831904,2025-01-01 00:00:24.120
12,245474,3,18.8508762638813,2025-01-01 00:00:24.480
8,208935,3,8.83767678943212,2025-01-01 00:00:24.840
23,198455,4,8.39233075508302,2025-01-01 00:00:25.200
24,273965,3,3.19931378095742,2025-01-01 00:00:25.560
25,179389,2,26.4291567487416,2025-01-01 00:00:25.920
13,219838,4,23.0906394708831,2025-01-01 00:00:26.280
16,501732,1,5.76642510344168,2025-01-01 00:00:26.640
10,724506,1,19.0896969797352,2025-01-01 00:00:27.000
17,288357,2,25.26139472945,2025-01-01 00:00:27.360
20,365999,1,13.9341910770248,2025-01-01 00:00:27.720
7,220044,2,8.38195997164203,2025-01-01 00:00:28.080
11,283781,2,29.184124377601,2025-01-01 00:00:28.440
22,215134,3,2.63370736378257,2025-01-01 00:00:28.800
26,185186,3,3.03154666119469,2025-01-01 00:00:29.160
18,184770,3,18.2010066569248,2025-01-01 00:00:29.520
3,173791,4,12.2037389738249,2025-01-01 00:00:29.880
9,392174,2,5.56538679259716,2025-01-01 00:00:30.240
27,178654,4,0.925811904575324,2025-01-01 00:00:30.600
21,281012,2,3.76781062730417,2025-01-01 00:00:30.960
19,274843,2,13.0827417834909,2025-01-01 00:00:31.320
4,215516,3,20.8262959594647,2025-01-01 00:00:31.680
14,620002,1,26.8389456808204,2025-01-01 00:00:32.040
6,272292,1,9.95548896038077,2025-01-01 00:00:32.400
12,215780,3,11.5024562053944,2025-01-01 00:00:32.760
8,275794,3,24.2913188829344,2025-01-01 00:00:33.120
23,210100,4,5.18800571156592,2025-01-01 00:00:33.480
25,204820,2,10.360316375354,2025-01-01 00:00:33.840
13,267520,4,1.15131578947368,2025-01-01 00:00:34.200
16,526507,1,15.8985540553117,2025-01-01 00:00:34.560
24,351810,3,24.6184019783406,2025-01-01 00:00:34.920
17,248500,2,12.2736418511066,2025-01-01 00:00:35.280
10,766276,1,23.3435472336338,2025-01-01 00:00:35.640
7,204245,2,5.75534284805014,2025-01-01 00:00:36.000
20,365017,1,6.47010961133317,2025-01-01 00:00:36.360
11,238763,2,15.0932095843996,2025-01-01 00:00:36.720
22,201351,3,9.65925175439903,2025-01-01 00:00:37.080
26,191108,3,0.161165414320698,2025-01-01 00:00:37.440
18,312636,3,39.9301424020266,2025-01-01 00:00:37.800
3,191704,4,7.67015816049743,2025-01-01 00:00:38.160
9,489966,2,15.5043411175469,2025-01-01 00:00:38.520
27,177705,4,0.396724909259728,2025-01-01 00:00:38.880
21,226515,2,28.7331964770545,2025-01-01 00:00:39.240
19,344490,2,22.3199512322564,2025-01-01 00:00:39.600
4,269397,3,20.0436530473613,2025-01-01 00:00:39.960
14,612840,1,25.9839436068142,2025-01-01 00:00:40.320
6,318534,1,16.931944470606,2025-01-01 00:00:40.680
12,207466,3,2.95662903801105,2025-01-01 00:00:41.040
8,216665,3,23.7855675812891,2025-01-01 00:00:41.400
23,227527,4,12.449950994827,2025-01-01 00:00:41.760
25,205753,2,0.560380650585897,2025-01-01 00:00:42.120
13,270394,4,0.076185122450942,2025-01-01 00:00:42.480
16,494731,1,10.4968154411185,2025-01-01 00:00:42.840
24,345502,3,23.2421230557276,2025-01-01 00:00:43.200
17,336056,2,27.51208131978,2025-01-01 00:00:43.560
10,917048,1,33.2641257600475,2025-01-01 00:00:43.920
7,235977,2,14.3136831131848,2025-01-01 00:00:44.280
20,480441,1,28.9402861121345,2025-01-01 00:00:44.640
22,250001,3,19.3603225587098,2025-01-01 00:00:45.000
26,235557,3,19.0004966950674,2025-01-01 00:00:45.360
11,434421,2,,2025-01-01 00:00:45.720
18,261808,3,37.6016786826609,2025-01-01 00:00:46.080
3,198109,4,3.08365596716959,2025-01-01 00:00:46.440
9,522411,2,15.3540028827877,2025-01-01 00:00:46.800
27,210405,4,15.8765238468668,2025-01-01 00:00:47.160
21,348431,2,16.3105464209557,2025-01-01 00:00:47.520
19,440234,2,39.2141452045957,2025-01-01 00:00:47.880
4,317401,3,17.3915646138481,2025-01-01 00:00:48.240
6,292570,1,3.9751170660013,2025-01-01 00:00:48.600
14,581463,1,10.3296340437827,2025-01-01 00:00:48.960
12,235776,3,9.40553745928339,2025-01-01 00:00:49.320
8,272563,3,1.60073084020942,2025-01-01 00:00:49.680
23,199637,4,0.218897298596953,2025-01-01 00:00:50.040
25,191274,2,6.96696885096772,2025-01-01 00:00:50.400
13,253754,4,6.63871308432577,2025-01-01 00:00:50.760
24,294694,3,10.0083476419608,2025-01-01 00:00:51.120
17,360163,2,,2025-01-01 00:00:51.480
16,116563,1,23.5827292129298,2025-01-01 00:00:51.840
7,373369,2,38.2916096408647,2025-01-01 00:00:52.200
10,881687,1,20.1077026200908,2025-01-01 00:00:52.560
26,246236,3,22.5133611657109,2025-01-01 00:00:52.920
20,400193,1,7.94791513094932,2025-01-01 00:00:53.280
11,418284,2,4.03649195283587,2025-01-01 00:00:53.640
18,224899,3,16.4958492478846,2025-01-01 00:00:54.000
22,261881,3,23.0184702212073,2025-01-01 00:00:54.360
3,215082,4,10.7317209250425,2025-01-01 00:00:54.720
9,553651,2,15.4702149910323,2025-01-01 00:00:55.080
27,226702,4,21.9239353865427,2025-01-01 00:00:55.440
21,291481,2,13.6266171723028,2025-01-01 00:00:55.800
19,307601,2,13.0041839915995,2025-01-01 00:00:56.160
4,374839,3,18.685088798124,2025-01-01 00:00:56.520
14,604792,1,13.7885421764838,2025-01-01 00:00:56.880
6,460089,1,33.8823575438665,2025-01-01 00:00:57.240
12,298141,3,22.1173874106547,2025-01-01 00:00:57.600
8,196127,3,34.9125821534006,2025-01-01 00:00:57.960
23,202211,4,1.48903867742111,2025-01-01 00:00:58.320
25,194835,2,0.531218723535299,2025-01-01 00:00:58.680
13,216353,4,14.8123668264364,2025-01-01 00:00:59.040
24,290416,3,2.69131177345601,2025-01-01 00:00:59.400
17,400673,2,,2025-01-01 00:00:59.760
16,160328,1,26.0689959636731,2025-01-01 00:01:00.120
7,317223,2,9.32372495058681,2025-01-01 00:01:00.480
10,721238,1,4.16478333088384,2025-01-01 00:01:00.840
26,230285,3,17.1461449942463,2025-01-01 00:01:01.200
11,369033,2,8.77076033850631,2025-01-01 00:01:01.560
18,180144,3,4.24993338662403,2025-01-01 00:01:01.920
22,300463,3,32.903552184462,2025-01-01 00:01:02.280
3,194945,4,8.6460283669753,2025-01-01 00:01:02.640
9,397750,2,23.997485857951,2025-01-01 00:01:03.000
27,205907,4,14.0388622047818,2025-01-01 00:01:03.360
20,287026,1,,2025-01-01 00:01:03.720
21,296476,2,11.7122465224841,2025-01-01 00:01:04.080
19,292472,2,8.5040619272956,2025-01-01 00:01:04.440
4,308194,3,14.2786686307975,2025-01-01 00:01:04.800
14,501621,1,3.5841800881542,2025-01-01 00:01:05.160
6,427846,1,2.11431215904788,2025-01-01 00:01:05.520
12,294981,3,21.2830656889766,2025-01-01 00:01:05.880
8,190860,3,3.11222885884942,2025-01-01 00:01:06.240
25,184969,2,4.77431353361915,2025-01-01 00:01:06.600
13,234573,4,8.17357496387052,2025-01-01 00:01:06.960
23,188364,4,6.70828820793782,2025-01-01 00:01:07.320
24,306827,3,7.89598047107979,2025-01-01 00:01:07.680
17,345727,2,,2025-01-01 00:01:08.040
16,157084,1,17.0415028600797,2025-01-01 00:01:08.400
7,238080,2,26.2600806451613,2025-01-01 00:01:08.760
10,744757,1,7.191204647959,2025-01-01 00:01:09.120
26,207046,3,8.96129362557113,2025-01-01 00:01:09.480
11,342087,2,2.07929561778144,2025-01-01 00:01:09.840
18,203551,3,10.0962412368399,2025-01-01 00:01:10.200
22,256453,3,21.3891044362905,2025-01-01 00:01:10.560
3,201382,4,3.16910150857574,2025-01-01 00:01:10.920
9,289712,2,28.1962776826642,2025-01-01 00:01:11.280
27,200230,4,2.48214553263747,2025-01-01 00:01:11.640
21,346713,2,,2025-01-01 00:01:12.000
20,419477,1,34.0607470731411,2025-01-01 00:01:12.360
19,289007,2,2.21690132072926,2025-01-01 00:01:12.720
4,266612,3,10.4976520186638,2025-01-01 00:01:13.080
12,255772,3,10.7236132180223,2025-01-01 00:01:13.440
6,340702,1,22.9226714254686,2025-01-01 00:01:13.800
14,512818,1,1.32249648023275,2025-01-01 00:01:14.160
8,193263,3,1.83014855404294,2025-01-01 00:01:14.520
25,171967,2,12.696040519402,2025-01-01 00:01:14.880
13,209266,4,10.3858247398048,2025-01-01 00:01:15.240
23,186150,4,7.97743755036261,2025-01-01 00:01:15.600
24,270800,3,8.34564254062038,2025-01-01 00:01:15.960
17,324099,2,,2025-01-01 00:01:16.320
16,580712,1,12.2800975354393,2025-01-01 00:01:16.680
7,266050,2,12.7231723360271,2025-01-01 00:01:17.040
10,656533,1,8.51944989817724,2025-01-01 00:01:17.400
26,193117,3,6.56752124359844,2025-01-01 00:01:17.760
11,358675,2,2.64166724750819,2025-01-01 00:01:18.120
18,249437,3,18.4563637311225,2025-01-01 00:01:18.480
22,208344,3,20.0898513996083,2025-01-01 00:01:18.840
3,215657,4,9.5786364458376,2025-01-01 00:01:19.200
9,327985,2,14.2033934478711,2025-01-01 00:01:19.560
27,186024,4,10.3083473100245,2025-01-01 00:01:19.920
20,265256,1,,2025-01-01 00:01:20.280
21,120544,2,14.7183504003629,2025-01-01 00:01:20.640
19,271094,2,4.24428427040067,2025-01-01 00:01:21.000
4,311376,3,16.7565901032835,2025-01-01 00:01:21.360
12,239301,3,4.3037847731518,2025-01-01 00:01:21.720
14,563272,1,7.75327017852831,2025-01-01 00:01:22.080
6,350128,1,7.97651144724215,2025-01-01 00:01:22.440
21,308761,2,7.30694614928699,2025-01-01 00:01:22.800
12,202950,3,13.3776792313378,2025-01-01 00:01:23.160
26,236896,3,7.38889639335405,2025-01-01 00:01:23.520
22,216216,3,,2025-01-01 00:01:23.880
24,198246,3,4.41572591628583,2025-01-01 00:01:24.240
17,185250,2,10.7692307692308,2025-01-01 00:01:24.600
25,338975,2,8.66583081348182,2025-01-01 00:01:24.960
3,218780,4,2.91617149648048,2025-01-01 00:01:25.320
16,246842,1,49.002195736544,2025-01-01 00:01:25.680
11,217383,2,17.8565021183809,2025-01-01 00:01:26.040
23,211085,4,0.62297178861596,2025-01-01 00:01:26.400
13,289519,4,16.6894055312432,2025-01-01 00:01:26.760
7,179249,2,3.26305865025746,2025-01-01 00:01:27.120
20,550605,1,0.400468575476067,2025-01-01 00:01:27.480
10,626459,1,13.8969988458941,2025-01-01 00:01:27.840
18,299374,3,9.62875867643817,2025-01-01 00:01:28.200
19,284057,2,16.173866512707,2025-01-01 00:01:28.560
9,228596,2,8.40084690895729,2025-01-01 00:01:28.920
8,261785,3,27.8033500773536,2025-01-01 00:01:29.280
27,186518,4,10.337876237146,2025-01-01 00:01:29.640
6,218247,1,8.86747584159233,2025-01-01 00:01:30.000
4,336077,3,30.0160379912937,2025-01-01 00:01:30.360
14,459915,1,0.453344639770392,2025-01-01 00:01:30.720
21,300666,2,1.21929316916445,2025-01-01 00:01:31.080
12,183893,3,9.62896902002795,2025-01-01 00:01:31.440
26,285377,3,18.633947374876,2025-01-01 00:01:31.800
22,250541,3,,2025-01-01 00:01:32.160
24,192589,3,3.4326986484171,2025-01-01 00:01:32.520
17,196128,2,4.8580518844836,2025-01-01 00:01:32.880
25,335981,2,4.63746461853498,2025-01-01 00:01:33.240
3,212979,4,0.271857788796079,2025-01-01 00:01:33.600
16,312614,1,22.8441464553731,2025-01-01 00:01:33.960
11,252848,2,13.6239954439031,2025-01-01 00:01:34.320
23,192705,4,10.2202848914143,2025-01-01 00:01:34.680
13,255522,4,9.42306337614765,2025-01-01 00:01:35.040
7,171840,2,0.907821229050279,2025-01-01 00:01:35.400
20,655387,1,16.3242481159986,2025-01-01 00:01:35.760
10,624638,1,15.759207733119,2025-01-01 00:01:36.120
18,290346,3,1.42795147858073,2025-01-01 00:01:36.480
19,284866,2,3.11234053906047,2025-01-01 00:01:36.840
9,288590,2,20.3714612425933,2025-01-01 00:01:37.200
8,228711,3,11.2320789118145,2025-01-01 00:01:37.560
27,199698,4,5.65754288976354,2025-01-01 00:01:37.920
6,210869,1,3.00233794441098,2025-01-01 00:01:38.280
4,259886,3,21.899602133243,2025-01-01 00:01:38.640
14,430529,1,7.30984440072562,2025-01-01 00:01:39.000
21,276251,2,7.51092303738267,2025-01-01 00:01:39.360
12,197896,3,6.01123822613898,2025-01-01 00:01:39.720
26,241678,3,13.9532766739215,2025-01-01 00:01:40.080
24,174948,3,13.8624048288634,2025-01-01 00:01:40.440
17,176857,2,5.50897052420882,2025-01-01 00:01:40.800
25,298952,2,7.17439588964115,2025-01-01 00:01:41.160
3,208964,4,1.64430236787198,2025-01-01 00:01:41.520
22,224309,3,4.50672955610341,2025-01-01 00:01:41.880
16,258697,1,15.2699876689718,2025-01-01 00:01:42.240
11,257218,2,3.19495525196526,2025-01-01 00:01:42.600
23,191138,4,1.07880170348125,2025-01-01 00:01:42.960
13,256464,4,2.67639902676399,2025-01-01 00:01:43.320
7,170528,2,1.6841808969788,2025-01-01 00:01:43.680
20,557971,1,2.57558188508005,2025-01-01 00:01:44.040
10,587219,1,10.0846532554294,2025-01-01 00:01:44.400
18,225209,3,27.081954984037,2025-01-01 00:01:44.760
19,225230,2,22.541402122275,2025-01-01 00:01:45.120
9,260170,2,7.69881231502479,2025-01-01 00:01:45.480
8,208254,3,7.75303235472068,2025-01-01 00:01:45.840
27,189074,4,0.356474184710748,2025-01-01 00:01:46.200
6,216251,1,0.438841901309127,2025-01-01 00:01:46.560
4,232804,3,8.76101785192694,2025-01-01 00:01:46.920
14,464791,1,15.4458670671334,2025-01-01 00:01:47.280
21,273503,2,1.50016636014961,2025-01-01 00:01:47.640
12,175695,3,12.6952958251515,2025-01-01 00:01:48.000
26,288471,3,18.0506879374357,2025-01-01 00:01:48.360
24,217801,3,8.54036482844431,2025-01-01 00:01:48.720
17,204070,2,,2025-01-01 00:01:49.080
25,312587,2,7.86565020298349,2025-01-01 00:01:49.440
3,196518,4,8.08170243947119,2025-01-01 00:01:49.800
22,289450,3,25.9975816203144,2025-01-01 00:01:50.160
16,397161,1,36.5496612205126,2025-01-01 00:01:50.520
23,200433,4,3.60868719222882,2025-01-01 00:01:50.880
13,234029,4,6.65344893154267,2025-01-01 00:01:51.240
11,273850,2,9.07431075406244,2025-01-01 00:01:51.600
7,172761,2,0.369875145432129,2025-01-01 00:01:51.960
20,609294,1,10.781987021044,2025-01-01 00:01:52.320
10,640290,1,21.4730825094879,2025-01-01 00:01:52.680
18,231406,3,4.06471742305731,2025-01-01 00:01:53.040
19,289220,2,21.7896411036581,2025-01-01 00:01:53.400
9,239137,2,7.13524046885258,2025-01-01 00:01:53.760
8,215221,3,3.81979453677847,2025-01-01 00:01:54.120
27,186753,4,2.16703346130986,2025-01-01 00:01:54.480
6,214067,1,1.46356047405719,2025-01-01 00:01:54.840
4,228840,3,0.10487676979549,2025-01-01 00:01:55.200
14,488216,1,14.4640896652301,2025-01-01 00:01:55.560
21,300228,2,10.2681961709101,2025-01-01 00:01:55.920
12,172263,3,4.14308354086484,2025-01-01 00:01:56.280
26,249757,3,10.9878802195734,2025-01-01 00:01:56.640
24,184279,3,16.8879796395683,2025-01-01 00:01:57.000
17,187416,2,8.84876424638238,2025-01-01 00:01:57.360
25,371080,2,19.3165894146815,2025-01-01 00:01:57.720
3,212397,4,7.34332405824941,2025-01-01 00:01:58.080
22,212183,3,30.9247206420873,2025-01-01 00:01:58.440
16,299729,1,21.9101254800169,2025-01-01 00:01:58.800
23,193159,4,0.0212260365812621,2025-01-01 00:01:59.160
13,329565,4,,2025-01-01 00:01:59.520
11,284233,2,6.06298353815356,2025-01-01 00:01:59.880
7,173215,2,0.10680368328378,2025-01-01 00:02:00.240
10,737120,1,,2025-01-01 00:02:00.600
20,583205,1,35.0065949675325,2025-01-01 00:02:00.960
18,217622,3,2.01174513606161,2025-01-01 00:02:01.320
19,294537,2,4.66393016836594,2025-01-01 00:02:01.680
9,345687,2,30.9201676661257,2025-01-01 00:02:02.040
8,243838,3,15.1075714203693,2025-01-01 00:02:02.400
27,186577,4,2.26340867309475,2025-01-01 00:02:02.760
6,230569,1,5.79826429398575,2025-01-01 00:02:03.120
14,515879,1,15.5615948701149,2025-01-01 00:02:03.480
4,271624,3,15.8395428975348,2025-01-01 00:02:03.840
21,314090,2,7.73345219523067,2025-01-01 00:02:04.200
12,175069,3,2.4738817266335,2025-01-01 00:02:04.560
26,298207,3,7.04443557662966,2025-01-01 00:02:04.920
24,246413,3,12.5857807826697,2025-01-01 00:02:05.280
17,198895,2,4.67332009351668,2025-01-01 00:02:05.640
25,357481,2,16.2472970591444,2025-01-01 00:02:06.000
3,235379,4,11.0370933685673,2025-01-01 00:02:06.360
16,390080,1,26.16899097621,2025-01-01 00:02:06.720
22,215677,3,28.8037203781581,2025-01-01 00:02:07.080
23,223636,4,13.6096156253913,2025-01-01 00:02:07.440
11,251380,2,,2025-01-01 00:02:07.800
13,279653,4,11.9959378229449,2025-01-01 00:02:08.160
7,175711,2,1.31522784572394,2025-01-01 00:02:08.520
20,846168,1,41.1464390050203,2025-01-01 00:02:08.880
10,894152,1,33.4341364779143,2025-01-01 00:02:09.240
18,256400,3,13.4165366614665,2025-01-01 00:02:09.600
19,337995,2,16.9218479563307,2025-01-01 00:02:09.960
9,310260,2,6.74917810868304,2025-01-01 00:02:10.320
8,215097,3,10.7407355751126,2025-01-01 00:02:10.680
27,176798,4,7.91977284810914,2025-01-01 00:02:11.040
6,310108,1,26.8641892501967,2025-01-01 00:02:11.400
14,680373,1,32.8897531207147,2025-01-01 00:02:11.760
4,323681,3,18.4382154034373,2025-01-01 00:02:12.120
21,328262,2,8.06124376260426,2025-01-01 00:02:12.480
12,217903,3,17.6697888510025,2025-01-01 00:02:12.840
26,338112,3,18.015332197615,2025-01-01 00:02:13.200
24,279905,3,23.0453189475,2025-01-01 00:02:13.560
17,249443,2,,2025-01-01 00:02:13.920
25,342985,2,1.33679315421957,2025-01-01 00:02:14.280
3,214937,4,7.19420109148262,2025-01-01 00:02:14.640
16,542686,1,33.5527358361926,2025-01-01 00:02:15.000
22,321903,3,33.6446072264005,2025-01-01 00:02:15.360
23,269412,4,18.0437396997907,2025-01-01 00:02:15.720
13,304715,4,,2025-01-01 00:02:16.080
11,390445,2,36.0729424118634,2025-01-01 00:02:16.440
7,184440,2,5.98568640208198,2025-01-01 00:02:16.800
10,789047,1,,2025-01-01 00:02:17.160
20,811773,1,20.3964655143741,2025-01-01 00:02:17.520
18,260253,3,3.86277967977314,2025-01-01 00:02:17.880
19,315441,2,10.9817683814089,2025-01-01 00:02:18.240
9,296787,2,1.28475977721396,2025-01-01 00:02:18.600
8,224493,3,5.1195360211677,2025-01-01 00:02:18.960
27,214390,4,11.0033117216288,2025-01-01 00:02:19.320
6,287745,1,3.0078715529375,2025-01-01 00:02:19.680
4,271938,3,12.9669262846678,2025-01-01 00:02:20.040
14,606892,1,7.36407795785741,2025-01-01 00:02:20.400
21,296826,2,6.32491762850963,2025-01-01 00:02:20.760
12,214510,3,0.414899072304322,2025-01-01 00:02:21.120
26,296560,3,8.03884542756946,2025-01-01 00:02:21.480
24,220335,3,22.2683640819661,2025-01-01 00:02:21.840
17,264573,2,,2025-01-01 00:02:22.200
25,289699,2,16.8108968273967,2025-01-01 00:02:22.560
3,195514,4,8.32983827245108,2025-01-01 00:02:22.920
16,482116,1,1.31005816027678,2025-01-01 00:02:23.280
22,257961,3,18.6225824833987,2025-01-01 00:02:23.640
23,259827,4,0.22053135355448,2025-01-01 00:02:24.000
11,363964,2,,2025-01-01 00:02:24.360
13,273580,4,6.80605307405512,2025-01-01 00:02:24.720
7,213080,2,12.1456729866717,2025-01-01 00:02:25.080
20,698616,1,9.30640008244873,2025-01-01 00:02:25.440
10,806318,1,21.2717563045845,2025-01-01 00:02:25.800
18,222441,3,12.4792641644301,2025-01-01 00:02:26.160
19,268475,2,13.5301238476581,2025-01-01 00:02:26.520
9,252490,2,19.0542199691077,2025-01-01 00:02:26.880
8,225183,3,1.94641691424308,2025-01-01 00:02:27.240
27,203991,4,6.46646175566569,2025-01-01 00:02:27.600
6,346431,1,14.4418369025867,2025-01-01 00:02:27.960
4,296973,3,11.3050681375075,2025-01-01 00:02:28.320
14,628589,1,17.4341262732883,2025-01-01 00:02:28.680
12,182872,3,17.7873047814865,2025-01-01 00:02:29.040
26,221083,3,28.3680789567719,2025-01-01 00:02:29.400
21,533894,2,45.8319441686927,2025-01-01 00:02:29.760
24,196476,3,10.8532339827765,2025-01-01 00:02:30.120
17,219701,2,17.4323284828016,2025-01-01 00:02:30.480
25,536338,2,47.6449552334535,2025-01-01 00:02:30.840
3,196347,4,0.380448899142844,2025-01-01 00:02:31.200
16,331247,1,43.6390367308987,2025-01-01 00:02:31.560
22,205763,3,21.5962053430403,2025-01-01 00:02:31.920
23,192402,4,35.3416284654006,2025-01-01 00:02:32.280
11,308861,2,,2025-01-01 00:02:32.640
13,225125,4,18.0677401443642,2025-01-01 00:02:33.000
7,189668,2,11.0361262838223,2025-01-01 00:02:33.360
10,579197,1,10.6359321612508,2025-01-01 00:02:33.720
20,526124,1,7.88331267914028,2025-01-01 00:02:34.080
18,235994,3,6.94678678271481,2025-01-01 00:02:34.440
19,302723,2,12.9897629185757,2025-01-01 00:02:34.800
9,272593,2,7.5544859919367,2025-01-01 00:02:35.160
8,207562,3,6.37785336429597,2025-01-01 00:02:35.520
27,192854,4,4.53503686726747,2025-01-01 00:02:35.880
6,231420,1,41.042260824475,2025-01-01 00:02:36.240
4,251201,3,12.9772572561415,2025-01-01 00:02:36.600
14,350050,1,48.2645336380517,2025-01-01 00:02:36.960
12,194833,3,4.5336262337489,2025-01-01 00:02:37.320
26,237717,3,19.3856560532061,2025-01-01 00:02:37.680
21,275093,2,70.1242852417183,2025-01-01 00:02:38.040
24,181381,3,20.0787293046129,2025-01-01 00:02:38.400
17,199900,2,,2025-01-01 00:02:38.760
25,310617,2,50.6678642830238,2025-01-01 00:02:39.120
3,208918,4,6.37474990187538,2025-01-01 00:02:39.480
16,292961,1,7.93245517321418,2025-01-01 00:02:39.840
22,193481,3,6.67714142473938,2025-01-01 00:02:40.200
23,194224,4,0.527226295411484,2025-01-01 00:02:40.560
11,311493,2,4.46013233042155,2025-01-01 00:02:40.920
13,280833,4,20.9494610676096,2025-01-01 00:02:41.280
7,188408,2,0.95112734066494,2025-01-01 00:02:41.640
10,612949,1,17.8724494207512,2025-01-01 00:02:42.000
20,590415,1,21.4450852366556,2025-01-01 00:02:42.360
18,257446,3,10.0393869005539,2025-01-01 00:02:42.720
19,295215,2,10.776891418119,2025-01-01 00:02:43.080
9,306562,2,13.1007756995322,2025-01-01 00:02:43.440
27,173518,4,16.1839117555527,2025-01-01 00:02:43.800
8,233964,3,11.7812996871314,2025-01-01 00:02:44.160
6,258007,1,11.6303046041386,2025-01-01 00:02:44.520
14,418642,1,21.1736997243468,2025-01-01 00:02:44.880
4,283873,3,13.3415294867775,2025-01-01 00:02:45.240
12,179875,3,3.4051424600417,2025-01-01 00:02:45.600
26,277787,3,16.1947823332265,2025-01-01 00:02:45.960
21,286230,2,6.71837333612829,2025-01-01 00:02:46.320
24,200480,3,7.82122905027933,2025-01-01 00:02:46.680
25,314034,2,5.23319131049504,2025-01-01 00:02:47.040
3,209169,4,1.03696054386644,2025-01-01 00:02:47.400
17,240040,2,16.7638726878854,2025-01-01 00:02:47.760
22,219423,3,11.6774449351253,2025-01-01 00:02:48.120
23,195096,4,,2025-01-01 00:02:48.480
16,346359,1,18.5815873125861,2025-01-01 00:02:48.840
13,216926,4,,2025-01-01 00:02:49.200
11,263037,2,13.1399765052065,2025-01-01 00:02:49.560
7,171639,2,10.8139758446507,2025-01-01 00:02:49.920
10,683423,1,23.5319853150977,2025-01-01 00:02:50.280
20,619897,1,18.8897510392856,2025-01-01 00:02:50.640
18,232640,3,7.8060522696011,2025-01-01 00:02:51.000
19,301470,2,5.2642053935715,2025-01-01 00:02:51.360
9,261794,2,13.2187903466084,2025-01-01 00:02:51.720
27,175298,4,1.31319239238326,2025-01-01 00:02:52.080
8,212256,3,7.70013568521031,2025-01-01 00:02:52.440
6,234833,1,7.05480064556515,2025-01-01 00:02:52.800
14,403660,1,4.5731556260219,2025-01-01 00:02:53.160
4,281885,3,2.72628908952232,2025-01-01 00:02:53.520
21,221281,2,30.4224040925339,2025-01-01 00:02:53.880
4,348545,3,9.79643948414122,2025-01-01 00:02:54.240
24,175963,3,11.5007132181197,2025-01-01 00:02:54.600
3,203128,4,1.31542672600528,2025-01-01 00:02:54.960
22,271605,3,17.600927817971,2025-01-01 00:02:55.320
25,210076,2,,2025-01-01 00:02:55.680
11,310668,2,10.5797829193866,2025-01-01 00:02:56.040
10,670090,1,22.0104762046889,2025-01-01 00:02:56.400
23,174613,4,2.74149118335977,2025-01-01 00:02:56.760
7,284336,2,3.56479657869563,2025-01-01 00:02:57.120
9,228763,2,2.16949419267976,2025-01-01 00:02:57.480
6,388427,1,1.13972509635015,2025-01-01 00:02:57.840
26,207256,3,14.0193770023546,2025-01-01 00:02:58.200
17,297584,2,9.48169256411635,2025-01-01 00:02:58.560
14,635592,1,25.5182569950534,2025-01-01 00:02:58.920
18,227381,3,21.118299242241,2025-01-01 00:02:59.280
16,696373,1,22.0245471895091,2025-01-01 00:02:59.640
27,179039,4,9.24993995721603,2025-01-01 00:03:00.000
8,189987,3,42.7466089785091,2025-01-01 00:03:00.360
19,239572,2,4.18579800644483,2025-01-01 00:03:00.720
13,264171,4,7.884665614318,2025-01-01 00:03:01.080
12,297897,3,18.2267696552835,2025-01-01 00:03:01.440
20,664776,1,25.3583161846998,2025-01-01 00:03:01.800
21,247009,2,9.63892003935079,2025-01-01 00:03:02.160
4,335654,3,2.22073921359495,2025-01-01 00:03:02.520
24,200750,3,10.93399750934,2025-01-01 00:03:02.880
3,195549,4,5.24216436801006,2025-01-01 00:03:03.240
22,234274,3,12.1763405243433,2025-01-01 00:03:03.600
25,222668,2,,2025-01-01 00:03:03.960
11,276411,2,8.96816696875305,2025-01-01 00:03:04.320
10,550290,1,0.092678405931418,2025-01-01 00:03:04.680
23,169110,4,6.08479687777186,2025-01-01 00:03:05.040
7,292515,2,6.26121737346803,2025-01-01 00:03:05.400
9,207960,2,7.61684939411425,2025-01-01 00:03:05.760
6,412626,1,6.93751726745285,2025-01-01 00:03:06.120
17,316775,2,9.08373451187752,2025-01-01 00:03:06.480
18,254939,3,12.2142943998368,2025-01-01 00:03:06.840
14,582878,1,18.7823180837156,2025-01-01 00:03:07.200
26,266340,3,22.279792746114,2025-01-01 00:03:07.560
16,649989,1,12.8600637856948,2025-01-01 00:03:07.920
27,192345,4,5.79427591047337,2025-01-01 00:03:08.280
8,256036,3,25.2448874377041,2025-01-01 00:03:08.640
19,251463,2,0.740864461173214,2025-01-01 00:03:09.000
13,250327,4,3.06519073052447,2025-01-01 00:03:09.360
12,247470,3,15.4079282337253,2025-01-01 00:03:09.720
20,457131,1,19.4405979905104,2025-01-01 00:03:10.080
21,229277,2,5.98533651434727,2025-01-01 00:03:10.440
4,385075,3,14.7698500292151,2025-01-01 00:03:10.800
24,175909,3,13.5814540472631,2025-01-01 00:03:11.160
3,210343,4,6.43853135117403,2025-01-01 00:03:11.520
22,275175,3,16.4895066775688,2025-01-01 00:03:11.880
25,231438,2,,2025-01-01 00:03:12.240
11,304460,2,11.5154700124811,2025-01-01 00:03:12.600
10,701690,1,21.5037979734641,2025-01-01 00:03:12.960
23,175063,4,1.29267749324529,2025-01-01 00:03:13.320
7,294068,2,4.51188160561503,2025-01-01 00:03:13.680
9,247613,2,14.463295545872,2025-01-01 00:03:14.040
6,475010,1,20.1701016820699,2025-01-01 00:03:14.400
17,261677,2,16.2501862983755,2025-01-01 00:03:14.760
18,230911,3,7.57391375898073,2025-01-01 00:03:15.120
14,617741,1,19.5779460971507,2025-01-01 00:03:15.480
26,188793,3,36.3398007341374,2025-01-01 00:03:15.840
16,767742,1,29.7420227107544,2025-01-01 00:03:16.200
27,181431,4,6.1560593283397,2025-01-01 00:03:16.560
8,201422,3,23.3231722453357,2025-01-01 00:03:16.920
19,271554,2,8.08457986256877,2025-01-01 00:03:17.280
13,309983,4,16.7696293022521,2025-01-01 00:03:17.640
12,273706,3,11.6570334592592,2025-01-01 00:03:18.000
20,556978,1,26.31665882674,2025-01-01 00:03:18.360
21,240747,2,4.29787287068998,2025-01-01 00:03:18.720
4,375968,3,5.20469827219338,2025-01-01 00:03:19.080
24,180503,3,0.943474623690465,2025-01-01 00:03:19.440
3,216198,4,3.42186329198235,2025-01-01 00:03:19.800
22,287973,3,7.69968017835005,2025-01-01 00:03:20.160
11,320458,2,8.25630815894751,2025-01-01 00:03:20.520
10,585336,1,2.82504407724794,2025-01-01 00:03:20.880
25,207248,2,6.82853393036362,2025-01-01 00:03:21.240
23,162747,4,6.17707238843112,2025-01-01 00:03:21.600
7,276924,2,1.39966200112666,2025-01-01 00:03:21.960
9,215450,2,14.7365978185194,2025-01-01 00:03:22.320
17,285314,2,9.99390145593977,2025-01-01 00:03:22.680
6,447758,1,5.26132419744594,2025-01-01 00:03:23.040
18,211164,3,7.40467125078138,2025-01-01 00:03:23.400
14,568224,1,8.34600439263389,2025-01-01 00:03:23.760
26,227508,3,16.3985442270162,2025-01-01 00:03:24.120
16,761792,1,20.2144417373771,2025-01-01 00:03:24.480
27,180651,4,1.96456150256572,2025-01-01 00:03:24.840
8,255839,3,21.2004424657695,2025-01-01 00:03:25.200
19,248746,2,6.85598964405458,2025-01-01 00:03:25.560
13,283230,4,5.28545704904142,2025-01-01 00:03:25.920
12,243466,3,8.68047283809649,2025-01-01 00:03:26.280
20,537169,1,10.5309502223695,2025-01-01 00:03:26.640
21,213561,2,7.88486661890514,2025-01-01 00:03:27.000
4,494123,3,29.2079097714537,2025-01-01 00:03:27.360
24,189611,3,5.70167342611979,2025-01-01 00:03:27.720
3,351449,4,40.5888194304152,2025-01-01 00:03:28.080
22,228514,3,21.042912031648,2025-01-01 00:03:28.440
11,264762,2,16.2553538649806,2025-01-01 00:03:28.800
10,610687,1,6.85899650721237,2025-01-01 00:03:29.160
25,214685,2,2.74122551645434,2025-01-01 00:03:29.520
23,174687,4,3.14104655755723,2025-01-01 00:03:29.880
7,264716,2,6.07594554163708,2025-01-01 00:03:30.240
9,303017,2,27.7268272077144,2025-01-01 00:03:30.600
6,456647,1,11.1786565990798,2025-01-01 00:03:30.960
18,255186,3,17.942206860878,2025-01-01 00:03:31.320
17,273659,2,1.29394611542102,2025-01-01 00:03:31.680
26,230712,3,2.99594299386248,2025-01-01 00:03:32.040
16,632849,1,4.52698827050371,2025-01-01 00:03:32.400
14,563153,1,13.2740125685205,2025-01-01 00:03:32.760
27,180521,4,2.03799003993995,2025-01-01 00:03:33.120
8,323364,3,22.9969940995287,2025-01-01 00:03:33.480
19,255569,2,3.74419432716801,2025-01-01 00:03:33.840
13,329125,4,16.8704899354349,2025-01-01 00:03:34.200
12,247919,3,4.16224654020063,2025-01-01 00:03:34.560
20,395618,1,17.6892861295492,2025-01-01 00:03:34.920
21,250385,2,13.9724823771392,2025-01-01 00:03:35.280
4,352412,3,25.4781335482333,2025-01-01 00:03:35.640
24,211437,3,10.3278990905092,2025-01-01 00:03:36.000
3,230219,4,43.8630173877916,2025-01-01 00:03:36.360
22,281509,3,20.2867403884068,2025-01-01 00:03:36.720
11,254322,2,2.62580508174676,2025-01-01 00:03:37.080
10,636970,1,18.8030833477244,2025-01-01 00:03:37.440
25,230012,2,9.22212754117177,2025-01-01 00:03:37.800
23,174274,4,2.91150716687515,2025-01-01 00:03:38.160
7,233174,2,10.1323475173047,2025-01-01 00:03:38.520
9,258594,2,13.9237569317154,2025-01-01 00:03:38.880
6,410260,1,0.472870862379954,2025-01-01 00:03:39.240
18,239011,3,,2025-01-01 00:03:39.600
17,265325,2,4.47564307924244,2025-01-01 00:03:39.960
26,200891,3,11.4036965319502,2025-01-01 00:03:40.320
14,602343,1,19.4146856525269,2025-01-01 00:03:40.680
27,174432,4,5.59988992845349,2025-01-01 00:03:41.040
16,742440,1,18.6196864393082,2025-01-01 00:03:41.400
8,232082,3,32.884066838445,2025-01-01 00:03:41.760
19,270662,2,9.11173345353245,2025-01-01 00:03:42.120
13,291668,4,7.58807959735041,2025-01-01 00:03:42.480
12,250787,3,5.25824703832336,2025-01-01 00:03:42.840
20,493291,1,25.56117991206,2025-01-01 00:03:43.200
21,269373,2,8.00859774364914,2025-01-01 00:03:43.560
4,365362,3,9.35017872685173,2025-01-01 00:03:43.920
24,196095,3,5.86705423391723,2025-01-01 00:03:44.280
3,204125,4,10.520514390692,2025-01-01 00:03:44.640
22,218267,3,24.5263828247055,2025-01-01 00:03:45.000
11,292238,2,10.6892327486501,2025-01-01 00:03:45.360
10,694010,1,23.228771919713,2025-01-01 00:03:45.720
25,283468,2,26.3408920936402,2025-01-01 00:03:46.080
23,211607,4,20.0404523479847,2025-01-01 00:03:46.440
7,244856,2,6.39396216551769,2025-01-01 00:03:46.800
9,236613,2,8.02449569550278,2025-01-01 00:03:47.160
6,436134,1,5.48776293524467,2025-01-01 00:03:47.520
17,305226,2,9.1820487114466,2025-01-01 00:03:47.880
26,228783,3,12.6683363711465,2025-01-01 00:03:48.240
18,259950,3,4.44316214656665,2025-01-01 00:03:48.600
14,703623,1,27.3474573741904,2025-01-01 00:03:48.960
27,182648,4,3.09228680303097,2025-01-01 00:03:49.320
16,833417,1,28.7271557935583,2025-01-01 00:03:49.680
8,205186,3,11.1186923084421,2025-01-01 00:03:50.040
19,316364,2,22.241468687967,2025-01-01 00:03:50.400
13,286897,4,1.70688435222397,2025-01-01 00:03:50.760
12,248501,3,1.73077774334912,2025-01-01 00:03:51.120
20,595419,1,26.6398956029284,2025-01-01 00:03:51.480
21,249149,2,5.96069018940473,2025-01-01 00:03:51.840
4,359907,3,5.47558119180788,2025-01-01 00:03:52.200
24,222977,3,12.0088619005548,2025-01-01 00:03:52.560
3,189814,4,7.1575331640448,2025-01-01 00:03:52.920
22,252975,3,14.6160687815002,2025-01-01 00:03:53.280
11,263225,2,8.72827429005604,2025-01-01 00:03:53.640
10,629158,1,9.6888222036436,2025-01-01 00:03:54.000
25,214545,2,27.805355519821,2025-01-01 00:03:54.360
23,198290,4,5.30031771647587,2025-01-01 00:03:54.720
7,237481,2,0.808064645171614,2025-01-01 00:03:55.080
9,263275,2,9.75216028867154,2025-01-01 00:03:55.440
6,444032,1,10.546987604497,2025-01-01 00:03:55.800
17,282436,2,4.30681641150562,2025-01-01 00:03:56.160
26,266732,3,15.8706117001335,2025-01-01 00:03:56.520
18,287394,3,13.5681329464081,2025-01-01 00:03:56.880
14,487227,1,17.6043199576378,2025-01-01 00:03:57.240
27,188308,4,6.00505554729486,2025-01-01 00:03:57.600
16,659256,1,2.07142597109469,2025-01-01 00:03:57.960
8,210721,3,2.90478879656038,2025-01-01 00:03:58.320
19,256062,2,19.0336715326757,2025-01-01 00:03:58.680
13,257511,4,9.50988501462074,2025-01-01 00:03:59.040
12,191530,3,27.4996084164361,2025-01-01 00:03:59.400
20,503830,1,0.510092689994641,2025-01-01 00:03:59.760
21,245606,2,0.160419533724746,2025-01-01 00:04:00.120
4,511434,3,34.1850561362756,2025-01-01 00:04:00.480
24,218426,3,0.262789228388562,2025-01-01 00:04:00.840
3,349437,4,45.3978828801758,2025-01-01 00:04:01.200
22,233237,3,5.72936540943332,2025-01-01 00:04:01.560
10,772143,1,31.6188840668115,2025-01-01 00:04:01.920
25,246289,2,13.0290025133075,2025-01-01 00:04:02.280
11,273789,2,4.89026220921951,2025-01-01 00:04:02.640
23,185098,4,6.64620903521378,2025-01-01 00:04:03.000
7,264035,2,9.3302024352832,2025-01-01 00:04:03.360
9,285188,2,8.69181031459949,2025-01-01 00:04:03.720
6,434771,1,7.39952756738605,2025-01-01 00:04:04.080
17,302642,2,2.65726501939585,2025-01-01 00:04:04.440
18,253493,3,8.87874615867105,2025-01-01 00:04:04.800
14,534716,1,18.9850313063383,2025-01-01 00:04:05.160
26,274883,3,6.14188582051273,2025-01-01 00:04:05.520
27,209288,4,9.69381904361454,2025-01-01 00:04:05.880
16,659520,1,2.11062590975255,2025-01-01 00:04:06.240
8,312656,3,34.5606673148764,2025-01-01 00:04:06.600
19,310571,2,19.2455187380663,2025-01-01 00:04:06.960
12,227330,3,15.2773501077728,2025-01-01 00:04:07.320
13,308945,4,18.6262927058214,2025-01-01 00:04:07.680
20,650389,1,22.1389045632691,2025-01-01 00:04:08.040
21,228801,2,7.5170126004694,2025-01-01 00:04:08.400
4,446122,3,1.94520781310942,2025-01-01 00:04:08.760
24,195443,3,12.0531305802715,2025-01-01 00:04:09.120
3,345668,4,4.70624992767627,2025-01-01 00:04:09.480
22,266569,3,14.0185092790234,2025-01-01 00:04:09.840
10,624122,1,1.65384331909466,2025-01-01 00:04:10.200
25,217770,2,11.0345777655324,2025-01-01 00:04:10.560
11,219927,2,18.4029246068013,2025-01-01 00:04:10.920
23,186931,4,0.49804473308333,2025-01-01 00:04:11.280
7,259519,2,1.27890443474274,2025-01-01 00:04:11.640
9,259682,2,7.67015041473803,2025-01-01 00:04:12.000
6,314516,1,25.5262053440842,2025-01-01 00:04:12.360
18,264636,3,,2025-01-01 00:04:12.720
17,292965,2,0.558087143515437,2025-01-01 00:04:13.080
14,662599,1,29.1879402172355,2025-01-01 00:04:13.440
26,177067,3,49.4349596480428,2025-01-01 00:04:13.800
16,621182,1,3.93089303939908,2025-01-01 00:04:14.160
27,218063,4,4.7981546617262,2025-01-01 00:04:14.520
8,272075,3,10.043186621336,2025-01-01 00:04:14.880
19,256582,2,16.6878424831048,2025-01-01 00:04:15.240
12,218527,3,2.13840852617754,2025-01-01 00:04:15.600
13,327972,4,9.62643152464235,2025-01-01 00:04:15.960
20,555777,1,2.62281454612192,2025-01-01 00:04:16.320
17,295470,2,0.70057873895827,2025-01-01 00:04:16.680
19,385055,2,38.5256651647167,2025-01-01 00:04:17.040
3,185956,4,22.2869926219106,2025-01-01 00:04:17.400
11,487306,2,29.4053428441267,2025-01-01 00:04:17.760
22,348875,3,,2025-01-01 00:04:18.120
24,273319,3,46.8613598030141,2025-01-01 00:04:18.480
23,195505,4,136.004194266131,2025-01-01 00:04:18.840
8,183463,3,62.2125442187253,2025-01-01 00:04:19.200
18,298552,3,3.29858785069268,2025-01-01 00:04:19.560
25,213553,2,21.6559823556681,2025-01-01 00:04:19.920
16,671198,1,0.863828557296059,2025-01-01 00:04:20.280
10,865649,1,4.41853453304977,2025-01-01 00:04:20.640
27,217965,4,2.00261509875439,2025-01-01 00:04:21.000
20,393819,1,1.57915184386736,2025-01-01 00:04:21.360
6,260310,1,7.11075256425032,2025-01-01 00:04:21.720
4,285054,3,,2025-01-01 00:04:22.080
12,226283,3,12.9559003548654,2025-01-01 00:04:22.440
21,427119,2,6.0215068868395,2025-01-01 00:04:22.800
9,383156,2,32.94845963524,2025-01-01 00:04:23.160
14,758415,1,4.66960700935504,2025-01-01 00:04:23.520
26,269509,3,8.27764564448683,2025-01-01 00:04:23.880
7,180234,2,16.8480974732847,2025-01-01 00:04:24.240
13,244737,4,11.5483151301193,2025-01-01 00:04:24.600
17,212195,2,38.2690449822098,2025-01-01 00:04:24.960
19,345608,2,4.51146964190644,2025-01-01 00:04:25.320
3,174638,4,7.53673312795612,2025-01-01 00:04:25.680
11,304357,2,45.48704317627,2025-01-01 00:04:26.040
22,294044,3,,2025-01-01 00:04:26.400
24,314401,3,27.6713496458345,2025-01-01 00:04:26.760
23,182167,4,153.284074503066,2025-01-01 00:04:27.120
8,193130,3,3.38114223579972,2025-01-01 00:04:27.480
18,218499,3,41.1448107313992,2025-01-01 00:04:27.840
25,221757,2,4.21948348868356,2025-01-01 00:04:28.200
16,662826,1,0.388337210670674,2025-01-01 00:04:28.560
10,918208,1,25.5070746497526,2025-01-01 00:04:28.920
27,195047,4,9.51206632247612,2025-01-01 00:04:29.280
20,468486,1,17.2654038754627,2025-01-01 00:04:29.640
6,280668,1,9.35910043182693,2025-01-01 00:04:30.000
4,242165,3,14.2196436314083,2025-01-01 00:04:30.360
12,245963,3,9.01070486211341,2025-01-01 00:04:30.720
21,299825,2,31.6768114733595,2025-01-01 00:04:31.080
9,274448,2,32.265492916691,2025-01-01 00:04:31.440
26,258701,3,0.888670704790472,2025-01-01 00:04:31.800
7,173778,2,4.96150260677416,2025-01-01 00:04:32.160
14,729500,1,0.891021247429747,2025-01-01 00:04:32.520
13,207486,4,16.2488071484341,2025-01-01 00:04:32.880
17,201607,2,5.35348475003348,2025-01-01 00:04:33.240
19,278807,2,29.5519839889242,2025-01-01 00:04:33.600
3,172494,4,4.00361751713103,2025-01-01 00:04:33.960
11,284625,2,4.13702239789196,2025-01-01 00:04:34.320
22,233906,3,,2025-01-01 00:04:34.680
24,305289,3,2.10215512590369,2025-01-01 00:04:35.040
23,200143,4,7.66601879656046,2025-01-01 00:04:35.400
8,200219,3,6.8020517533301,2025-01-01 00:04:35.760
18,359976,3,39.9959997333156,2025-01-01 00:04:36.120
25,195893,2,8.42653897791141,2025-01-01 00:04:36.480
10,828730,1,15.8712729115635,2025-01-01 00:04:36.840
27,176470,4,10.8403694678982,2025-01-01 00:04:37.200
20,420544,1,0.441333130421549,2025-01-01 00:04:37.560
6,223509,1,21.3373958095647,2025-01-01 00:04:37.920
4,206188,3,15.8166333637263,2025-01-01 00:04:38.280
16,703567,1,5.42478541489297,2025-01-01 00:04:38.640
21,238118,2,21.9563409738029,2025-01-01 00:04:39.000
9,249746,2,8.35008368502398,2025-01-01 00:04:39.360
12,247612,3,3.31647900747944,2025-01-01 00:04:39.720
26,211237,3,23.5578994210295,2025-01-01 00:04:40.080
7,178462,2,,2025-01-01 00:04:40.440
14,709083,1,1.96267573753707,2025-01-01 00:04:40.800
13,213657,4,1.99244583608307,2025-01-01 00:04:41.160
17,210295,2,2.9934140136475,2025-01-01 00:04:41.520
19,283649,2,3.96581690751598,2025-01-01 00:04:41.880
3,165823,4,8.18764586336033,2025-01-01 00:04:42.240
11,324530,2,8.66791976088497,2025-01-01 00:04:42.600
22,212634,3,7.79085188633991,2025-01-01 00:04:42.960
23,199270,4,0.868168816179054,2025-01-01 00:04:43.320
8,206107,3,2.47783918061977,2025-01-01 00:04:43.680
24,279451,3,7.13863968996354,2025-01-01 00:04:44.040
18,273167,3,23.0016802908111,2025-01-01 00:04:44.400
25,185353,2,14.5921565877002,2025-01-01 00:04:44.760
10,723309,1,10.5776369435469,2025-01-01 00:04:45.120
20,314676,1,34.2333066392099,2025-01-01 00:04:45.480
6,220250,1,0.249716231555051,2025-01-01 00:04:45.840
27,182511,4,2.03330210233904,2025-01-01 00:04:46.200
4,234480,3,11.7195496417605,2025-01-01 00:04:46.560
16,526919,1,8.51762794661039,2025-01-01 00:04:46.920
21,272895,2,13.3732754356071,2025-01-01 00:04:47.280
9,382571,2,,2025-01-01 00:04:47.640
12,133571,3,11.2432854407911,2025-01-01 00:04:48.000
26,202973,3,28.5885314795564,2025-01-01 00:04:48.360
7,178138,2,2.39252714187877,2025-01-01 00:04:48.720
14,665815,1,8.58872209247314,2025-01-01 00:04:49.080
13,213655,4,1.99152839858651,2025-01-01 00:04:49.440
17,192782,2,5.81900799867208,2025-01-01 00:04:49.800
19,259393,2,5.01439900074405,2025-01-01 00:04:50.160
3,224055,4,23.4116623150566,2025-01-01 00:04:50.520
11,314741,2,1.06150771586797,2025-01-01 00:04:50.880
22,223639,3,5.83037842236819,2025-01-01 00:04:51.240
23,175696,4,14.4021491667426,2025-01-01 00:04:51.600
8,252673,3,20.4505427964207,2025-01-01 00:04:51.960
24,270431,3,0.381243274624581,2025-01-01 00:04:52.320
18,237393,3,10.9552514185338,2025-01-01 00:04:52.680
25,191300,2,1.51594354417146,2025-01-01 00:04:53.040
10,786727,1,24.4210507583952,2025-01-01 00:04:53.400
20,373036,1,19.2571226369573,2025-01-01 00:04:53.760
6,233896,1,5.59906967199097,2025-01-01 00:04:54.120
27,173529,4,3.03753263143336,2025-01-01 00:04:54.480
4,308892,3,24.439609960763,2025-01-01 00:04:54.840
16,717875,1,35.7269719658715,2025-01-01 00:04:55.200
21,252497,2,5.26857744844493,2025-01-01 00:04:55.560
12,329102,3,,2025-01-01 00:04:55.920
9,115502,2,35.9398541667453,2025-01-01 00:04:56.280
26,217507,3,7.31332784691987,2025-01-01 00:04:56.640
7,173900,2,4.88786658999425,2025-01-01 00:04:57.000
13,203718,4,2.78914970694784,2025-01-01 00:04:57.360
14,626571,1,11.9014445290318,2025-01-01 00:04:57.720
17,191785,2,2.92775764527987,2025-01-01 00:04:58.080
19,307407,2,17.4384447979389,2025-01-01 00:04:58.440
3,200138,4,9.72429023973458,2025-01-01 00:04:58.800
11,359945,2,13.4867827029129,2025-01-01 00:04:59.160
22,280274,3,21.6481015006743,2025-01-01 00:04:59.520
23,183287,4,9.66407873989972,2025-01-01 00:04:59.880
8,272829,3,9.83363205524339,2025-01-01 00:05:00.240
24,346195,3,22.1825849593437,2025-01-01 00:05:00.600
18,267957,3,12.8964721951656,2025-01-01 00:05:00.960
25,209610,2,10.1187920423644,2025-01-01 00:05:01.320
10,872230,1,28.7343934512686,2025-01-01 00:05:01.680
20,393908,1,11.8068178356367,2025-01-01 00:05:02.040
6,306410,1,25.0024477007931,2025-01-01 00:05:02.400
27,182306,4,1.92314021480368,2025-01-01 00:05:02.760
16,640249,1,8.91043953211953,2025-01-01 00:05:03.120
4,333579,3,,2025-01-01 00:05:03.480
21,266949,2,6.72375622309879,2025-01-01 00:05:03.840
12,202488,3,,2025-01-01 00:05:04.200
9,108312,2,12.2851035216427,2025-01-01 00:05:04.560
26,212274,3,1.75527855507504,2025-01-01 00:05:04.920
7,169665,2,7.50596764211829,2025-01-01 00:05:05.280
13,205872,4,1.71368617393332,2025-01-01 00:05:05.640
14,646612,1,18.714777950301,2025-01-01 00:05:06.000
17,218556,2,9.67989897326086,2025-01-01 00:05:06.360
3,230484,4,13.5731764460874,2025-01-01 00:05:06.720
19,485801,2,38.9873631384044,2025-01-01 00:05:07.080
11,437018,2,28.7443537794782,2025-01-01 00:05:07.440
22,301357,3,10.4052668429803,2025-01-01 00:05:07.800
23,234161,4,14.1616238400075,2025-01-01 00:05:08.160
8,345059,3,23.8391115722239,2025-01-01 00:05:08.520
24,422522,3,36.2400064375346,2025-01-01 00:05:08.880
18,382778,3,32.1277607386004,2025-01-01 00:05:09.240
25,206181,2,8.62397602106887,2025-01-01 00:05:09.600
10,1136997,1,41.2135652072961,2025-01-01 00:05:09.960
20,363007,1,4.29936612792591,2025-01-01 00:05:10.320
6,321066,1,8.61691988563099,2025-01-01 00:05:10.680
27,170504,4,4.86557500117299,2025-01-01 00:05:11.040
4,372601,3,14.9760736015201,2025-01-01 00:05:11.400
21,289314,2,9.99398577324291,2025-01-01 00:05:11.760
12,235875,3,31.7647058823529,2025-01-01 00:05:12.120
16,790800,1,31.9423368740516,2025-01-01 00:05:12.480
9,377530,2,22.9200328450719,2025-01-01 00:05:12.840
26,178923,3,20.7223218926577,2025-01-01 00:05:13.200
7,211967,2,18.1948133435865,2025-01-01 00:05:13.560
13,310917,4,32.6508360752227,2025-01-01 00:05:13.920
14,986620,1,45.5717500152034,2025-01-01 00:05:14.280
17,225995,2,3.62618642005354,2025-01-01 00:05:14.640
3,194083,4,16.8572208797267,2025-01-01 00:05:15.000
19,361365,2,17.9776680088,2025-01-01 00:05:15.360
11,425192,2,4.3255752695253,2025-01-01 00:05:15.720
22,277611,3,2.74160606027859,2025-01-01 00:05:16.080
23,187655,4,7.1114545309211,2025-01-01 00:05:16.440
8,261234,3,24.4860929281793,2025-01-01 00:05:16.800
24,285565,3,5.66070771978359,2025-01-01 00:05:17.160
18,241400,3,7.62220381110191,2025-01-01 00:05:17.520
25,177388,2,6.20786073466074,2025-01-01 00:05:17.880
20,263671,1,29.479540791365,2025-01-01 00:05:18.240
6,289727,1,5.82375822757285,2025-01-01 00:05:18.600
27,185304,4,3.50990804299961,2025-01-01 00:05:18.960
10,814842,1,0.142113440397034,2025-01-01 00:05:19.320
4,291197,3,20.7430021600497,2025-01-01 00:05:19.680
21,339073,2,17.1859747016129,2025-01-01 00:05:20.040
12,257926,3,20.4996782022751,2025-01-01 00:05:20.400
16,495542,1,27.0124429412643,2025-01-01 00:05:20.760
9,494433,2,41.1447051471079,2025-01-01 00:05:21.120
7,206657,2,1.61765630973062,2025-01-01 00:05:21.480
13,285876,4,26.7514586743903,2025-01-01 00:05:21.840
26,215302,3,0.324195780810211,2025-01-01 00:05:22.200
14,567833,1,5.4299415497162,2025-01-01 00:05:22.560
17,213875,2,1.83518410286382,2025-01-01 00:05:22.920
3,184688,4,4.93372606774669,2025-01-01 00:05:23.280
19,299684,2,13.5195739512286,2025-01-01 00:05:23.640
11,346926,2,17.2584355165078,2025-01-01 00:05:24.000
23,223388,4,10.0220244596845,2025-01-01 00:05:24.360
22,294457,3,8.9170914598736,2025-01-01 00:05:24.720
8,222089,3,14.2785099667251,2025-01-01 00:05:25.080
24,337374,3,20.1479663518825,2025-01-01 00:05:25.440
18,269023,3,3.42833140660836,2025-01-01 00:05:25.800
25,194758,2,7.26953449922468,2025-01-01 00:05:26.160
20,299848,1,14.3566073477228,2025-01-01 00:05:26.520
27,178643,4,0.0878847757818666,2025-01-01 00:05:26.880
10,812033,1,0.488526944102025,2025-01-01 00:05:27.240
21,306176,2,,2025-01-01 00:05:27.600
6,292183,1,4.10119685265741,2025-01-01 00:05:27.960
4,277497,3,1.83893879933837,2025-01-01 00:05:28.320
12,254762,3,1.55517698871888,2025-01-01 00:05:28.680
9,353339,2,26.3375964725094,2025-01-01 00:05:29.040
7,187653,2,11.9086825150677,2025-01-01 00:05:29.400
16,654296,1,32.5076112340592,2025-01-01 00:05:29.760
13,194414,4,41.3478453197815,2025-01-01 00:05:30.120
26,210182,3,1.05527590374057,2025-01-01 00:05:30.480
14,650058,1,24.4067452442705,2025-01-01 00:05:30.840
17,185268,2,17.559427424056,2025-01-01 00:05:31.200
3,169989,4,14.0073769479202,2025-01-01 00:05:31.560
19,296548,2,2.47784507061251,2025-01-01 00:05:31.920
11,270593,2,22.6195799595703,2025-01-01 00:05:32.280
23,196927,4,2.06827910850214,2025-01-01 00:05:32.640
22,228386,3,23.4751692310387,2025-01-01 00:05:33.000
8,214594,3,1.49398398836873,2025-01-01 00:05:33.360
24,313534,3,14.0763043242519,2025-01-01 00:05:33.720
18,276351,3,5.98912252895774,2025-01-01 00:05:34.080
25,201482,2,2.91936748692191,2025-01-01 00:05:34.440
27,170696,4,4.74762150255425,2025-01-01 00:05:34.800
10,818729,1,0.333321526414723,2025-01-01 00:05:35.160
6,245691,1,,2025-01-01 00:05:35.520
20,458006,1,37.1187277022572,2025-01-01 00:05:35.880
21,219484,2,45.7053817134734,2025-01-01 00:05:36.240
4,224743,3,25.743627165251,2025-01-01 00:05:36.600
12,221339,3,13.3103519940002,2025-01-01 00:05:36.960
9,278286,2,21.1703068066665,2025-01-01 00:05:37.320
7,173671,2,9.51742087049651,2025-01-01 00:05:37.680
16,617494,1,11.7724220802145,2025-01-01 00:05:38.040
13,231409,4,14.6964897648752,2025-01-01 00:05:38.400
26,173760,3,22.2375690607735,2025-01-01 00:05:38.760
14,676220,1,20.2343911744698,2025-01-01 00:05:39.120
10,619410,1,1.70969148060251,2025-01-01 00:05:39.480
24,189217,3,18.2768990101312,2025-01-01 00:05:39.840
3,171462,4,2.5300066487035,2025-01-01 00:05:40.200
19,213664,2,17.9421896061105,2025-01-01 00:05:40.560
23,177570,4,1.67257982767359,2025-01-01 00:05:40.920
9,306245,2,3.44658688305115,2025-01-01 00:05:41.280
11,268260,2,4.22724222768956,2025-01-01 00:05:41.640
16,517291,1,15.0609618183962,2025-01-01 00:05:42.000
21,308029,2,9.03453895574767,2025-01-01 00:05:42.360
20,417291,1,1.36811002394013,2025-01-01 00:05:42.720
8,195828,3,11.8328328941724,2025-01-01 00:05:43.080
4,261245,3,4.72927711535149,2025-01-01 00:05:43.440
18,217137,3,13.8451760869866,2025-01-01 00:05:43.800
17,197967,2,10.6244980223977,2025-01-01 00:05:44.160
25,220242,2,2.1984907510829,2025-01-01 00:05:44.520
13,223538,4,15.6850289436248,2025-01-01 00:05:44.880
6,249055,1,6.96432514906346,2025-01-01 00:05:45.240
22,190432,3,17.2071920685599,2025-01-01 00:05:45.600
27,202380,4,6.01838126297065,2025-01-01 00:05:45.960
26,283781,3,17.5554388771623,2025-01-01 00:05:46.320
7,176451,2,9.49215362905283,2025-01-01 00:05:46.680
12,256787,3,10.0421750322252,2025-01-01 00:05:47.040
14,397157,1,12.5499487608175,2025-01-01 00:05:47.400
10,667891,1,5.67323111106453,2025-01-01 00:05:47.760
3,180228,4,2.45688794194021,2025-01-01 00:05:48.120
19,260122,2,18.1153458761658,2025-01-01 00:05:48.480
24,198437,3,4.15093959291866,2025-01-01 00:05:48.840
23,174224,4,0.21581412434567,2025-01-01 00:05:49.200
9,346088,2,8.46258754998729,2025-01-01 00:05:49.560
11,307777,2,9.1550050848504,2025-01-01 00:05:49.920
16,567665,1,19.8823249627862,2025-01-01 00:05:50.280
20,385135,1,,2025-01-01 00:05:50.640
21,356034,2,16.7495239218726,2025-01-01 00:05:51.000
8,273776,3,27.8972590731109,2025-01-01 00:05:51.360
4,221523,3,23.5086198724286,2025-01-01 00:05:51.720
18,214441,3,0.447209255692708,2025-01-01 00:05:52.080
17,225641,2,11.1863535439038,2025-01-01 00:05:52.440
25,223496,2,3.6224361957261,2025-01-01 00:05:52.800
13,241617,4,8.38784959717964,2025-01-01 00:05:53.160
6,242780,1,0.337754345497982,2025-01-01 00:05:53.520
22,234712,3,17.9419884794983,2025-01-01 00:05:53.880
27,186054,4,8.03315166564546,2025-01-01 00:05:54.240
26,370374,3,26.290722350921,2025-01-01 00:05:54.600
7,175525,2,2.8913260219342,2025-01-01 00:05:54.960
12,249827,3,0.149303317895984,2025-01-01 00:05:55.320
14,400574,1,8.0319741171419,2025-01-01 00:05:55.680
3,173186,4,1.50935987897405,2025-01-01 00:05:56.040
10,811703,1,31.403481322602,2025-01-01 00:05:56.400
19,225419,2,12.5903317821479,2025-01-01 00:05:56.760
24,202474,3,6.06201290042178,2025-01-01 00:05:57.120
23,163689,4,6.66568920330627,2025-01-01 00:05:57.480
9,315749,2,4.32337077868814,2025-01-01 00:05:57.840
11,270528,2,10.0070972320795,2025-01-01 00:05:58.200
16,694290,1,29.395497558657,2025-01-01 00:05:58.560
21,301702,2,11.5670429761818,2025-01-01 00:05:58.920
20,485167,1,26.2934206159941,2025-01-01 00:05:59.280
8,255562,3,3.06696613737567,2025-01-01 00:05:59.640
4,224108,3,1.47607403573277,2025-01-01 00:06:00.000
17,255015,2,12.2404564437386,2025-01-01 00:06:00.360
25,191519,2,12.469258924702,2025-01-01 00:06:00.720
18,217062,3,0.765679851839567,2025-01-01 00:06:01.080
6,257046,1,5.23097033215845,2025-01-01 00:06:01.440
22,238695,3,3.47514610695658,2025-01-01 00:06:01.800
27,177376,4,6.55331048168862,2025-01-01 00:06:02.160
26,337615,3,19.1386638626838,2025-01-01 00:06:02.520
7,195620,2,7.67815151824967,2025-01-01 00:06:02.880
13,230743,4,2.71167489371292,2025-01-01 00:06:03.240
12,250415,3,0.0858574765888625,2025-01-01 00:06:03.600
14,504858,1,26.5536051721474,2025-01-01 00:06:03.960
3,170403,4,3.16719776060281,2025-01-01 00:06:04.320
10,611372,1,3.53761703185622,2025-01-01 00:06:04.680
19,252637,2,0.460344288445477,2025-01-01 00:06:05.040
24,174371,3,9.07777095962058,2025-01-01 00:06:05.400
23,173110,4,0.86072439489342,2025-01-01 00:06:05.760
9,283832,2,16.0545674906283,2025-01-01 00:06:06.120
16,556620,1,11.9327368761453,2025-01-01 00:06:06.480
20,429052,1,0.826939391961814,2025-01-01 00:06:06.840
8,182991,3,43.9415053199338,2025-01-01 00:06:07.200
11,258052,2,3.23500689783454,2025-01-01 00:06:07.560
21,253906,2,32.5687459138421,2025-01-01 00:06:07.920
4,269489,3,18.0671567299593,2025-01-01 00:06:08.280
17,209970,2,6.58665523646235,2025-01-01 00:06:08.640
25,208315,2,3.40109929673811,2025-01-01 00:06:09.000
18,234689,3,8.21896211582136,2025-01-01 00:06:09.360
6,254729,1,1.30687907540955,2025-01-01 00:06:09.720
22,323561,3,28.7924069958988,2025-01-01 00:06:10.080
27,200504,4,9.62773809998803,2025-01-01 00:06:10.440
26,393042,3,19.0926160562993,2025-01-01 00:06:10.800
7,201358,2,2.2636299526217,2025-01-01 00:06:11.160
13,219469,4,7.98791628886084,2025-01-01 00:06:11.520
12,197261,3,26.8370331692529,2025-01-01 00:06:11.880
14,470853,1,4.93848398544769,2025-01-01 00:06:12.240
3,173161,4,1.52401522282731,2025-01-01 00:06:12.600
10,933752,1,32.2089805430136,2025-01-01 00:06:12.960
19,296214,2,16.5468208794993,2025-01-01 00:06:13.320
24,213676,3,17.1643048353582,2025-01-01 00:06:13.680
23,179561,4,1.09210797444879,2025-01-01 00:06:14.040
9,361760,2,23.7063246351172,2025-01-01 00:06:14.400
16,807469,1,40.4806871842758,2025-01-01 00:06:14.760
20,541663,1,20.1348439897132,2025-01-01 00:06:15.120
11,374707,2,28.9044506774627,2025-01-01 00:06:15.480
8,302861,3,38.5856878237872,2025-01-01 00:06:15.840
21,315063,2,20.7777492120623,2025-01-01 00:06:16.200
4,283129,3,7.18011930957267,2025-01-01 00:06:16.560
17,252471,2,16.3468279525173,2025-01-01 00:06:16.920
25,232230,2,9.57240666580545,2025-01-01 00:06:17.280
18,273920,3,21.3639018691589,2025-01-01 00:06:17.640
6,265350,1,5.25720746184285,2025-01-01 00:06:18.000
22,271894,3,12.9852074705584,2025-01-01 00:06:18.360
27,179202,4,12.4987444336559,2025-01-01 00:06:18.720
26,352220,3,2.89023905513599,2025-01-01 00:06:19.080
7,197646,2,0.428038007346468,2025-01-01 00:06:19.440
13,284801,4,23.5255494187169,2025-01-01 00:06:19.800
12,297063,3,33.7514264650933,2025-01-01 00:06:20.160
14,615834,1,27.3180759750192,2025-01-01 00:06:20.520
3,196696,4,8.29229613554795,2025-01-01 00:06:20.880
10,707927,1,0.264575302255741,2025-01-01 00:06:21.240
19,337801,2,15.275561647242,2025-01-01 00:06:21.600
24,216265,3,2.34203407856102,2025-01-01 00:06:21.960
23,197809,4,10.2164208908594,2025-01-01 00:06:22.320
9,366522,2,6.03565406715013,2025-01-01 00:06:22.680
16,630211,1,0.347343984792395,2025-01-01 00:06:23.040
20,541889,1,13.1925541946782,2025-01-01 00:06:23.400
11,334034,2,6.69572558482071,2025-01-01 00:06:23.760
8,267895,3,7.72877433322757,2025-01-01 00:06:24.120
21,311900,2,2.66110932991343,2025-01-01 00:06:24.480
4,321637,3,14.3755227166029,2025-01-01 00:06:24.840
17,234155,2,6.33981764216011,2025-01-01 00:06:25.200
25,208057,2,11.0272665663736,2025-01-01 00:06:25.560
18,232374,3,13.8681608097291,2025-01-01 00:06:25.920
6,258322,1,0.339885878864363,2025-01-01 00:06:26.280
22,275021,3,4.66182582420979,2025-01-01 00:06:26.640
27,170074,4,7.60022108023566,2025-01-01 00:06:27.000
26,336191,3,7.79586604043535,2025-01-01 00:06:27.360
7,220922,2,10.9187858158083,2025-01-01 00:06:27.720
13,257497,4,7.41872720847233,2025-01-01 00:06:28.080
12,223300,3,27.3622928795343,2025-01-01 00:06:28.440
14,589338,1,11.2224224468811,2025-01-01 00:06:28.800
3,213624,4,9.84159083249073,2025-01-01 00:06:29.160
10,743400,1,4.51977401129944,2025-01-01 00:06:29.520
19,226369,2,41.2737609831735,2025-01-01 00:06:29.880
24,204778,3,3.13607907099395,2025-01-01 00:06:30.240
23,195038,4,0.903413693741732,2025-01-01 00:06:30.600
9,439001,2,21.0024578531712,2025-01-01 00:06:30.960
16,645573,1,2.04051284672686,2025-01-01 00:06:31.320
20,537203,1,11.8768882526717,2025-01-01 00:06:31.680
8,266105,3,2.3693654760339,2025-01-01 00:06:32.040
21,278401,2,9.0513324305588,2025-01-01 00:06:32.400
4,254015,3,20.9377398972502,2025-01-01 00:06:32.760
11,298964,2,7.37078711818145,2025-01-01 00:06:33.120
17,261743,2,4.86851606346684,2025-01-01 00:06:33.480
25,213686,2,8.10254298363019,2025-01-01 00:06:33.840
18,236208,3,3.47490347490347,2025-01-01 00:06:34.200
6,225506,1,14.9415093168253,2025-01-01 00:06:34.560
22,292601,3,10.3899166441673,2025-01-01 00:06:34.920
27,216975,4,19.2533702039405,2025-01-01 00:06:35.280
7,205095,2,6.48723762159,2025-01-01 00:06:35.640
13,286103,4,11.9198330671122,2025-01-01 00:06:36.000
26,380606,3,16.4490312816929,2025-01-01 00:06:36.360
12,230703,3,4.55260659809365,2025-01-01 00:06:36.720
14,445470,1,13.8123779379083,2025-01-01 00:06:37.080
3,188859,4,11.5117627436341,2025-01-01 00:06:37.440
19,248236,2,9.11874184244026,2025-01-01 00:06:37.800
10,797499,1,,2025-01-01 00:06:38.160
24,220663,3,4.2884398381242,2025-01-01 00:06:38.520
23,190850,4,3.11763164789101,2025-01-01 00:06:38.880
9,329444,2,22.5701484926118,2025-01-01 00:06:39.240
16,682823,1,7.38449056344031,2025-01-01 00:06:39.600
20,523921,1,10.444513581246,2025-01-01 00:06:39.960
8,341062,3,23.826166503451,2025-01-01 00:06:40.320
21,284992,2,6.52930608578486,2025-01-01 00:06:40.680
4,297737,3,16.1676244470791,2025-01-01 00:06:41.040
11,296456,2,1.84040802007718,2025-01-01 00:06:41.400
17,212184,2,20.1787128152924,2025-01-01 00:06:41.760
25,274794,2,21.8323544182187,2025-01-01 00:06:42.120
18,247447,3,7.85905668688648,2025-01-01 00:06:42.480
6,271742,1,16.9800766903902,2025-01-01 00:06:42.840
22,281106,3,6.72557682866961,2025-01-01 00:06:43.200
27,192600,4,12.1495327102804,2025-01-01 00:06:43.560
7,200222,2,1.88690553485631,2025-01-01 00:06:43.920
13,311649,4,11.2463059403367,2025-01-01 00:06:44.280
26,371247,3,14.342742163573,2025-01-01 00:06:44.640
12,230708,3,4.55467517381279,2025-01-01 00:06:45.000
14,445978,1,8.78473826063169,2025-01-01 00:06:45.360
3,179053,4,6.89572361256164,2025-01-01 00:06:45.720
19,288713,2,,2025-01-01 00:06:46.080
10,712611,1,11.3401280642595,2025-01-01 00:06:46.440
24,181498,3,16.3649186216928,2025-01-01 00:06:46.800
23,184250,4,6.81139755766621,2025-01-01 00:06:47.160
9,456220,2,30.6913331287537,2025-01-01 00:06:47.520
16,555058,1,13.93403932562,2025-01-01 00:06:47.880
20,480461,1,4.34187166075915,2025-01-01 00:06:48.240
8,233267,3,38.1249812446681,2025-01-01 00:06:48.600
21,307686,2,9.71314911955695,2025-01-01 00:06:48.960
11,311616,2,6.6158348736907,2025-01-01 00:06:49.320
4,287591,3,0.275043377574403,2025-01-01 00:06:49.680
17,246850,2,13.7127810411181,2025-01-01 00:06:50.040
25,285942,2,6.62442033699142,2025-01-01 00:06:50.400
18,303525,3,20.533728687917,2025-01-01 00:06:50.760
6,277350,1,4.81341265548945,2025-01-01 00:06:51.120
22,250306,3,8.34738280344858,2025-01-01 00:06:51.480
27,190813,4,2.19429493797592,2025-01-01 00:06:51.840
7,179974,2,13.3497060686544,2025-01-01 00:06:52.200
13,291109,4,2.64196572417892,2025-01-01 00:06:52.560
26,285222,3,20.9584113427435,2025-01-01 00:06:52.920
12,291746,3,24.5233867816525,2025-01-01 00:06:53.280
14,378885,1,6.89259273922166,2025-01-01 00:06:53.640
3,179446,4,1.3118152536139,2025-01-01 00:06:54.000
19,290751,2,4.45432689827378,2025-01-01 00:06:54.360
10,832721,1,,2025-01-01 00:06:54.720
24,226040,3,18.5099982304017,2025-01-01 00:06:55.080
23,173656,4,6.76279541161837,2025-01-01 00:06:55.440
16,682546,1,7.34690409144585,2025-01-01 00:06:55.800
20,534720,1,14.048473967684,2025-01-01 00:06:56.160
9,327232,2,27.6158810874242,2025-01-01 00:06:56.520
8,250714,3,8.34177588806369,2025-01-01 00:06:56.880
21,277718,2,0.0295263540713962,2025-01-01 00:06:57.240
11,324047,2,6.68020379759726,2025-01-01 00:06:57.600
4,267542,3,7.19812216399668,2025-01-01 00:06:57.960
17,205386,2,3.70716601910549,2025-01-01 00:06:58.320
25,258949,2,3.10910642636195,2025-01-01 00:06:58.680
6,272319,1,3.05487314509821,2025-01-01 00:06:59.040
22,232999,3,5.06482860441461,2025-01-01 00:06:59.400
27,189181,4,3.07589028496519,2025-01-01 00:06:59.760
7,185012,2,0.438890450349167,2025-01-01 00:07:00.120
13,260246,4,14.8144447945406,2025-01-01 00:07:00.480
18,228297,3,26.9399072261133,2025-01-01 00:07:00.840
26,303641,3,9.49838789886741,2025-01-01 00:07:01.200
12,284655,3,1.35427095958265,2025-01-01 00:07:01.560
14,470226,1,13.8712023580151,2025-01-01 00:07:01.920
3,174113,4,4.41494891248787,2025-01-01 00:07:02.280
10,717505,1,,2025-01-01 00:07:02.640
19,238987,2,16.2406323356501,2025-01-01 00:07:03.000
24,180472,3,23.0107717540671,2025-01-01 00:07:03.360
23,172850,4,2.05380387619323,2025-01-01 00:07:03.720
16,581203,1,3.88900263763263,2025-01-01 00:07:04.080
20,441978,1,5.75187000257931,2025-01-01 00:07:04.440
9,468580,2,32.9036663963464,2025-01-01 00:07:04.800
8,250729,3,2.8433089112149,2025-01-01 00:07:05.160
21,353529,2,23.1180468928999,2025-01-01 00:07:05.520
11,367151,2,14.6944989936021,2025-01-01 00:07:05.880
17,234777,2,11.5756654186739,2025-01-01 00:07:06.240
25,234114,2,7.89615315615469,2025-01-01 00:07:06.600
4,261895,3,0.570839458561637,2025-01-01 00:07:06.960
6,295945,1,10.7942354153643,2025-01-01 00:07:07.320
27,183448,4,6.29715232654485,2025-01-01 00:07:07.680
7,196290,2,6.15925416475623,2025-01-01 00:07:08.040
13,268177,4,5.36101157071635,2025-01-01 00:07:08.400
18,245838,3,9.20850316061797,2025-01-01 00:07:08.760
22,313966,3,26.9984648019212,2025-01-01 00:07:09.120
26,314068,3,7.72698905969408,2025-01-01 00:07:09.480
12,307168,3,8.58422752370039,2025-01-01 00:07:09.840
14,441703,1,3.69094165083778,2025-01-01 00:07:10.200
